Id	StageId	GroupId	Diff	MonsterLevel[1]	MonsterLevel[2]	MonsterLevel[3]
1	30140101	1	1	219	98	76
2	30140107	1	1	219	98	76
3	30140109	1	1	219	98	76
4	30140110	1	1	219	98	76
5	30140111	1	1	219	98	76
6	30140112	1	1	219	98	76
7	30140201	1	1	433	209	163
8	30140202	1	1	433	209	163
9	30140203	1	1	433	209	163
10	30140204	1	1	433	209	163
11	30140205	1	1	433	209	163
12	30140206	1	1	433	209	163
13	30140207	1	1	433	209	163
14	30140208	1	1	433	209	163
15	30140209	1	1	433	209	163
16	30140210	1	1	433	209	163
17	30140211	1	1	433	209	163
18	30140212	1	1	433	209	163
19	30140301	1	1	273	120	93
20	30140307	1	1	273	120	93
21	30140309	1	1	273	120	93
22	30140310	1	1	273	120	93
23	30140311	1	1	273	120	93
24	30140312	1	1	273	120	93
25	30140401	1	1	513	246	193
26	30140402	1	1	513	246	193
27	30140403	1	1	513	246	193
28	30140404	1	1	513	246	193
29	30140405	1	1	513	246	193
30	30140406	1	1	513	246	193
31	30140407	1	1	513	246	193
32	30140408	1	1	513	246	193
33	30140409	1	1	513	246	193
34	30140410	1	1	513	246	193
35	30140411	1	1	513	246	193
36	30140412	1	1	513	246	193
37	30140501	1	1	339	146	112
38	30140507	1	1	339	146	112
39	30140509	1	1	339	146	112
40	30140510	1	1	339	146	112
41	30140511	1	1	339	146	112
42	30140512	1	1	339	146	112
43	30140113	1	1	225	100	78
44	30140117	1	1	225	100	78
45	30140120	1	1	225	100	78
46	30140213	1	1	443	213	166
47	30140214	1	1	443	213	166
48	30140215	1	1	443	213	166
49	30140216	1	1	443	213	166
50	30140217	1	1	443	213	166
51	30140218	1	1	443	213	166
52	30140219	1	1	443	213	166
53	30140220	1	1	443	213	166
54	30140313	1	1	280	123	94
55	30140317	1	1	280	123	94
56	30140320	1	1	280	123	94
57	30140413	1	1	521	251	196
58	30140414	1	1	521	251	196
59	30140415	1	1	521	251	196
60	30140416	1	1	521	251	196
61	30140417	1	1	521	251	196
62	30140418	1	1	521	251	196
63	30140419	1	1	521	251	196
64	30140420	1	1	521	251	196
65	30140513	1	1	345	149	114
66	30140517	1	1	345	149	114
67	30140520	1	1	345	149	114
68	30140121	1	1	161	166	126
69	30140122	1	1	161	166	126
70	30140124	1	1	161	166	126
71	30140125	1	1	223	166	126
72	30140126	1	1	223	166	126
73	30140221	1	1	439	338	264
74	30140222	1	1	439	338	264
75	30140223	1	1	439	338	264
76	30140224	1	1	439	338	264
77	30140225	1	1	439	338	264
78	30140226	1	1	439	338	264
79	30140227	1	1	439	338	264
80	30140228	1	1	439	338	264
81	30140229	1	1	439	338	264
82	30140230	1	1	329	338	264
83	30140321	1	1	199	205	155
84	30140322	1	1	199	205	155
85	30140324	1	1	199	205	155
86	30140325	1	1	277	205	155
87	30140326	1	1	277	205	155
88	30140421	1	1	518	398	312
89	30140422	1	1	518	398	312
90	30140423	1	1	518	398	312
91	30140424	1	1	518	398	312
92	30140425	1	1	518	398	312
93	30140426	1	1	518	398	312
94	30140427	1	1	518	398	312
95	30140428	1	1	518	398	312
96	30140429	1	1	518	398	312
97	30140430	1	1	389	398	312
98	30140521	1	1	243	251	189
99	30140522	1	1	243	251	189
100	30140524	1	1	243	251	189
101	30140525	1	1	342	251	189
102	30140526	1	1	342	251	189
103	30140101	1	2	264	117	89
104	30140107	1	2	264	117	89
105	30140109	1	2	264	117	89
106	30140110	1	2	264	117	89
107	30140111	1	2	264	117	89
108	30140112	1	2	264	117	89
109	30140201	1	2	507	244	190
110	30140202	1	2	507	244	190
111	30140203	1	2	507	244	190
112	30140204	1	2	507	244	190
113	30140205	1	2	507	244	190
114	30140206	1	2	507	244	190
115	30140207	1	2	507	244	190
116	30140208	1	2	507	244	190
117	30140209	1	2	507	244	190
118	30140210	1	2	507	244	190
119	30140211	1	2	507	244	190
120	30140212	1	2	507	244	190
121	30140301	1	2	328	143	110
122	30140307	1	2	328	143	110
123	30140309	1	2	328	143	110
124	30140310	1	2	328	143	110
125	30140311	1	2	328	143	110
126	30140312	1	2	328	143	110
127	30140401	1	2	596	287	223
128	30140402	1	2	596	287	223
129	30140403	1	2	596	287	223
130	30140404	1	2	596	287	223
131	30140405	1	2	596	287	223
132	30140406	1	2	596	287	223
133	30140407	1	2	596	287	223
134	30140408	1	2	596	287	223
135	30140409	1	2	596	287	223
136	30140410	1	2	596	287	223
137	30140411	1	2	596	287	223
138	30140412	1	2	596	287	223
139	30140501	1	2	415	176	133
140	30140507	1	2	415	176	133
141	30140509	1	2	415	176	133
142	30140510	1	2	415	176	133
143	30140511	1	2	415	176	133
144	30140512	1	2	415	176	133
145	30140113	1	2	271	119	92
146	30140117	1	2	271	119	92
147	30140120	1	2	271	119	92
148	30140213	1	2	517	249	194
149	30140214	1	2	517	249	194
150	30140215	1	2	517	249	194
151	30140216	1	2	517	249	194
152	30140217	1	2	517	249	194
153	30140218	1	2	517	249	194
154	30140219	1	2	517	249	194
155	30140220	1	2	517	249	194
156	30140313	1	2	335	145	111
157	30140317	1	2	335	145	111
158	30140320	1	2	335	145	111
159	30140413	1	2	606	292	228
160	30140414	1	2	606	292	228
161	30140415	1	2	606	292	228
162	30140416	1	2	606	292	228
163	30140417	1	2	606	292	228
164	30140418	1	2	606	292	228
165	30140419	1	2	606	292	228
166	30140420	1	2	606	292	228
167	30140513	1	2	422	178	136
168	30140517	1	2	422	178	136
169	30140520	1	2	422	178	136
170	30140121	1	2	193	198	150
171	30140122	1	2	193	198	150
172	30140124	1	2	193	198	150
173	30140125	1	2	268	198	150
174	30140126	1	2	268	198	150
175	30140221	1	2	513	394	309
176	30140222	1	2	513	394	309
177	30140223	1	2	513	394	309
178	30140224	1	2	513	394	309
179	30140225	1	2	513	394	309
180	30140226	1	2	513	394	309
181	30140227	1	2	513	394	309
182	30140228	1	2	513	394	309
183	30140229	1	2	513	394	309
184	30140230	1	2	385	394	309
185	30140321	1	2	237	243	185
186	30140322	1	2	237	243	185
187	30140324	1	2	237	243	185
188	30140325	1	2	332	243	185
189	30140326	1	2	332	243	185
190	30140421	1	2	602	462	362
191	30140422	1	2	602	462	362
192	30140423	1	2	602	462	362
193	30140424	1	2	602	462	362
194	30140425	1	2	602	462	362
195	30140426	1	2	602	462	362
196	30140427	1	2	602	462	362
197	30140428	1	2	602	462	362
198	30140429	1	2	602	462	362
199	30140430	1	2	452	462	362
200	30140521	1	2	295	303	227
201	30140522	1	2	295	303	227
202	30140524	1	2	295	303	227
203	30140525	1	2	419	303	227
204	30140526	1	2	419	303	227
205	30140101	1	3	324	141	108
206	30140107	1	3	324	141	108
207	30140109	1	3	324	141	108
208	30140110	1	3	324	141	108
209	30140111	1	3	324	141	108
210	30140112	1	3	324	141	108
211	30140201	1	3	600	288	224
212	30140202	1	3	600	288	224
213	30140203	1	3	600	288	224
214	30140204	1	3	600	288	224
215	30140205	1	3	600	288	224
216	30140206	1	3	600	288	224
217	30140207	1	3	600	288	224
218	30140208	1	3	600	288	224
219	30140209	1	3	600	288	224
220	30140210	1	3	600	288	224
221	30140211	1	3	600	288	224
222	30140212	1	3	600	288	224
223	30140301	1	3	399	170	130
224	30140307	1	3	399	170	130
225	30140309	1	3	399	170	130
226	30140310	1	3	399	170	130
227	30140311	1	3	399	170	130
228	30140312	1	3	399	170	130
229	30140401	1	3	693	333	260
230	30140402	1	3	693	333	260
231	30140403	1	3	693	333	260
232	30140404	1	3	693	333	260
233	30140405	1	3	693	333	260
234	30140406	1	3	693	333	260
235	30140407	1	3	693	333	260
236	30140408	1	3	693	333	260
237	30140409	1	3	693	333	260
238	30140410	1	3	693	333	260
239	30140411	1	3	693	333	260
240	30140412	1	3	693	333	260
241	30140501	1	3	498	206	156
242	30140507	1	3	498	206	156
243	30140509	1	3	498	206	156
244	30140510	1	3	498	206	156
245	30140511	1	3	498	206	156
246	30140512	1	3	498	206	156
247	30140113	1	3	333	144	111
248	30140117	1	3	333	144	111
249	30140120	1	3	333	144	111
250	30140213	1	3	611	294	229
251	30140214	1	3	611	294	229
252	30140215	1	3	611	294	229
253	30140216	1	3	611	294	229
254	30140217	1	3	611	294	229
255	30140218	1	3	611	294	229
256	30140219	1	3	611	294	229
257	30140220	1	3	611	294	229
258	30140313	1	3	408	173	131
259	30140317	1	3	408	173	131
260	30140320	1	3	408	173	131
261	30140413	1	3	704	339	264
262	30140414	1	3	704	339	264
263	30140415	1	3	704	339	264
264	30140416	1	3	704	339	264
265	30140417	1	3	704	339	264
266	30140418	1	3	704	339	264
267	30140419	1	3	704	339	264
268	30140420	1	3	704	339	264
269	30140513	1	3	508	210	158
270	30140517	1	3	508	210	158
271	30140520	1	3	508	210	158
272	30140121	1	3	235	242	183
273	30140122	1	3	235	242	183
274	30140124	1	3	235	242	183
275	30140125	1	3	329	242	183
276	30140126	1	3	329	242	183
277	30140221	1	3	606	467	363
278	30140222	1	3	606	467	363
279	30140223	1	3	606	467	363
280	30140224	1	3	606	467	363
281	30140225	1	3	606	467	363
282	30140226	1	3	606	467	363
283	30140227	1	3	606	467	363
284	30140228	1	3	606	467	363
285	30140229	1	3	606	467	363
286	30140230	1	3	455	467	363
287	30140321	1	3	285	293	220
288	30140322	1	3	285	293	220
289	30140324	1	3	285	293	220
290	30140325	1	3	404	293	220
291	30140326	1	3	404	293	220
292	30140421	1	3	700	539	419
293	30140422	1	3	700	539	419
294	30140423	1	3	700	539	419
295	30140424	1	3	700	539	419
296	30140425	1	3	700	539	419
297	30140426	1	3	700	539	419
298	30140427	1	3	700	539	419
299	30140428	1	3	700	539	419
300	30140429	1	3	700	539	419
301	30140430	1	3	525	539	419
302	30140521	1	3	350	362	268
303	30140522	1	3	350	362	268
304	30140524	1	3	350	362	268
305	30140525	1	3	504	362	268
306	30140526	1	3	504	362	268
307	30140101	1	4	391	167	127
308	30140107	1	4	391	167	127
309	30140109	1	4	391	167	127
310	30140110	1	4	391	167	127
311	30140111	1	4	391	167	127
312	30140112	1	4	391	167	127
313	30140201	1	4	694	333	261
314	30140202	1	4	694	333	261
315	30140203	1	4	694	333	261
316	30140204	1	4	694	333	261
317	30140205	1	4	694	333	261
318	30140206	1	4	694	333	261
319	30140207	1	4	694	333	261
320	30140208	1	4	694	333	261
321	30140209	1	4	694	333	261
322	30140210	1	4	694	333	261
323	30140211	1	4	694	333	261
324	30140212	1	4	694	333	261
325	30140301	1	4	473	197	150
326	30140307	1	4	473	197	150
327	30140309	1	4	473	197	150
328	30140310	1	4	473	197	150
329	30140311	1	4	473	197	150
330	30140312	1	4	473	197	150
331	30140401	1	4	784	376	294
332	30140402	1	4	784	376	294
333	30140403	1	4	784	376	294
334	30140404	1	4	784	376	294
335	30140405	1	4	784	376	294
336	30140406	1	4	784	376	294
337	30140407	1	4	784	376	294
338	30140408	1	4	784	376	294
339	30140409	1	4	784	376	294
340	30140410	1	4	784	376	294
341	30140411	1	4	784	376	294
342	30140412	1	4	784	376	294
343	30140501	1	4	579	234	177
344	30140507	1	4	579	234	177
345	30140509	1	4	579	234	177
346	30140510	1	4	579	234	177
347	30140511	1	4	579	234	177
348	30140512	1	4	579	234	177
349	30140113	1	4	402	170	130
350	30140117	1	4	402	170	130
351	30140120	1	4	402	170	130
352	30140213	1	4	707	340	265
353	30140214	1	4	707	340	265
354	30140215	1	4	707	340	265
355	30140216	1	4	707	340	265
356	30140217	1	4	707	340	265
357	30140218	1	4	707	340	265
358	30140219	1	4	707	340	265
359	30140220	1	4	707	340	265
360	30140313	1	4	484	200	152
361	30140317	1	4	484	200	152
362	30140320	1	4	484	200	152
363	30140413	1	4	795	382	298
364	30140414	1	4	795	382	298
365	30140415	1	4	795	382	298
366	30140416	1	4	795	382	298
367	30140417	1	4	795	382	298
368	30140418	1	4	795	382	298
369	30140419	1	4	795	382	298
370	30140420	1	4	795	382	298
371	30140513	1	4	589	238	179
372	30140517	1	4	589	238	179
373	30140520	1	4	589	238	179
374	30140121	1	4	281	289	217
375	30140122	1	4	281	289	217
376	30140124	1	4	281	289	217
377	30140125	1	4	398	289	217
378	30140126	1	4	398	289	217
379	30140221	1	4	702	539	421
380	30140222	1	4	702	539	421
381	30140223	1	4	702	539	421
382	30140224	1	4	702	539	421
383	30140225	1	4	702	539	421
384	30140226	1	4	702	539	421
385	30140227	1	4	702	539	421
386	30140228	1	4	702	539	421
387	30140229	1	4	702	539	421
388	30140230	1	4	527	539	421
389	30140321	1	4	334	344	256
390	30140322	1	4	334	344	256
391	30140324	1	4	334	344	256
392	30140325	1	4	479	344	256
393	30140326	1	4	479	344	256
394	30140421	1	4	790	608	474
395	30140422	1	4	790	608	474
396	30140423	1	4	790	608	474
397	30140424	1	4	790	608	474
398	30140425	1	4	790	608	474
399	30140426	1	4	790	608	474
400	30140427	1	4	790	608	474
401	30140428	1	4	790	608	474
402	30140429	1	4	790	608	474
403	30140430	1	4	593	608	474
404	30140521	1	4	402	414	305
405	30140522	1	4	402	414	305
406	30140524	1	4	402	414	305
407	30140525	1	4	584	414	305
408	30140526	1	4	584	414	305
409	30140101	1	5	457	191	145
410	30140107	1	5	457	191	145
411	30140109	1	5	457	191	145
412	30140110	1	5	457	191	145
413	30140111	1	5	457	191	145
414	30140112	1	5	457	191	145
415	30140201	1	5	781	375	293
416	30140202	1	5	781	375	293
417	30140203	1	5	781	375	293
418	30140204	1	5	781	375	293
419	30140205	1	5	781	375	293
420	30140206	1	5	781	375	293
421	30140207	1	5	781	375	293
422	30140208	1	5	781	375	293
423	30140209	1	5	781	375	293
424	30140210	1	5	781	375	293
425	30140211	1	5	781	375	293
426	30140212	1	5	781	375	293
427	30140301	1	5	561	228	172
428	30140307	1	5	561	228	172
429	30140309	1	5	561	228	172
430	30140310	1	5	561	228	172
431	30140311	1	5	561	228	172
432	30140312	1	5	561	228	172
433	30140401	1	5	901	433	338
434	30140402	1	5	901	433	338
435	30140403	1	5	901	433	338
436	30140404	1	5	901	433	338
437	30140405	1	5	901	433	338
438	30140406	1	5	901	433	338
439	30140407	1	5	901	433	338
440	30140408	1	5	901	433	338
441	30140409	1	5	901	433	338
442	30140410	1	5	901	433	338
443	30140411	1	5	901	433	338
444	30140412	1	5	901	433	338
445	30140501	1	5	736	285	214
446	30140507	1	5	736	285	214
447	30140509	1	5	736	285	214
448	30140510	1	5	736	285	214
449	30140511	1	5	736	285	214
450	30140512	1	5	736	285	214
451	30140113	1	5	469	196	149
452	30140117	1	5	469	196	149
453	30140120	1	5	469	196	149
454	30140213	1	5	794	382	297
455	30140214	1	5	794	382	297
456	30140215	1	5	794	382	297
457	30140216	1	5	794	382	297
458	30140217	1	5	794	382	297
459	30140218	1	5	794	382	297
460	30140219	1	5	794	382	297
461	30140220	1	5	794	382	297
462	30140313	1	5	573	232	175
463	30140317	1	5	573	232	175
464	30140320	1	5	573	232	175
465	30140413	1	5	914	439	342
466	30140414	1	5	914	439	342
467	30140415	1	5	914	439	342
468	30140416	1	5	914	439	342
469	30140417	1	5	914	439	342
470	30140418	1	5	914	439	342
471	30140419	1	5	914	439	342
472	30140420	1	5	914	439	342
473	30140513	1	5	749	289	217
474	30140517	1	5	749	289	217
475	30140520	1	5	749	289	217
476	30140121	1	5	324	334	250
477	30140122	1	5	324	334	250
478	30140124	1	5	324	334	250
479	30140125	1	5	464	334	250
480	30140126	1	5	464	334	250
481	30140221	1	5	789	605	472
482	30140222	1	5	789	605	472
483	30140223	1	5	789	605	472
484	30140224	1	5	789	605	472
485	30140225	1	5	789	605	472
486	30140226	1	5	789	605	472
487	30140227	1	5	789	605	472
488	30140228	1	5	789	605	472
489	30140229	1	5	789	605	472
490	30140230	1	5	592	605	472
491	30140321	1	5	391	404	298
492	30140322	1	5	391	404	298
493	30140324	1	5	391	404	298
494	30140325	1	5	568	404	298
495	30140326	1	5	568	404	298
496	30140421	1	5	909	699	544
497	30140422	1	5	909	699	544
498	30140423	1	5	909	699	544
499	30140424	1	5	909	699	544
500	30140425	1	5	909	699	544
501	30140426	1	5	909	699	544
502	30140427	1	5	909	699	544
503	30140428	1	5	909	699	544
504	30140429	1	5	909	699	544
505	30140430	1	5	682	699	544
506	30140521	1	5	499	515	375
507	30140522	1	5	499	515	375
508	30140524	1	5	499	515	375
509	30140525	1	5	742	515	375
510	30140526	1	5	742	515	375
511	30140101	2	1	540	220	167
512	30140107	2	1	540	220	167
513	30140109	2	1	540	220	167
514	30140110	2	1	540	220	167
515	30140111	2	1	540	220	167
516	30140112	2	1	540	220	167
517	30140201	2	1	871	418	327
518	30140202	2	1	871	418	327
519	30140203	2	1	871	418	327
520	30140204	2	1	871	418	327
521	30140205	2	1	871	418	327
522	30140206	2	1	871	418	327
523	30140207	2	1	871	418	327
524	30140208	2	1	871	418	327
525	30140209	2	1	871	418	327
526	30140210	2	1	871	418	327
527	30140211	2	1	871	418	327
528	30140212	2	1	871	418	327
529	30140301	2	1	632	252	190
530	30140307	2	1	632	252	190
531	30140309	2	1	632	252	190
532	30140310	2	1	632	252	190
533	30140311	2	1	632	252	190
534	30140312	2	1	632	252	190
535	30140401	2	1	960	461	360
536	30140402	2	1	960	461	360
537	30140403	2	1	960	461	360
538	30140404	2	1	960	461	360
539	30140405	2	1	960	461	360
540	30140406	2	1	960	461	360
541	30140407	2	1	960	461	360
542	30140408	2	1	960	461	360
543	30140409	2	1	960	461	360
544	30140410	2	1	960	461	360
545	30140411	2	1	960	461	360
546	30140412	2	1	960	461	360
547	30140501	2	1	737	286	214
548	30140507	2	1	737	286	214
549	30140509	2	1	737	286	214
550	30140510	2	1	737	286	214
551	30140511	2	1	737	286	214
552	30140512	2	1	737	286	214
553	30140113	2	1	554	225	170
554	30140117	2	1	554	225	170
555	30140120	2	1	554	225	170
556	30140213	2	1	887	426	332
557	30140214	2	1	887	426	332
558	30140215	2	1	887	426	332
559	30140216	2	1	887	426	332
560	30140217	2	1	887	426	332
561	30140218	2	1	887	426	332
562	30140219	2	1	887	426	332
563	30140220	2	1	887	426	332
564	30140313	2	1	648	256	193
565	30140317	2	1	648	256	193
566	30140320	2	1	648	256	193
567	30140413	2	1	974	468	364
568	30140414	2	1	974	468	364
569	30140415	2	1	974	468	364
570	30140416	2	1	974	468	364
571	30140417	2	1	974	468	364
572	30140418	2	1	974	468	364
573	30140419	2	1	974	468	364
574	30140420	2	1	974	468	364
575	30140513	2	1	751	290	218
576	30140517	2	1	751	290	218
577	30140520	2	1	751	290	218
578	30140121	2	1	378	390	289
579	30140122	2	1	378	390	289
580	30140124	2	1	378	390	289
581	30140125	2	1	548	390	289
582	30140126	2	1	548	390	289
583	30140221	2	1	880	675	526
584	30140222	2	1	880	675	526
585	30140223	2	1	880	675	526
586	30140224	2	1	880	675	526
587	30140225	2	1	880	675	526
588	30140226	2	1	880	675	526
589	30140227	2	1	880	675	526
590	30140228	2	1	880	675	526
591	30140229	2	1	880	675	526
592	30140230	2	1	660	675	526
593	30140321	2	1	437	451	330
594	30140322	2	1	437	451	330
595	30140324	2	1	437	451	330
596	30140325	2	1	641	451	330
597	30140326	2	1	641	451	330
598	30140421	2	1	968	744	579
599	30140422	2	1	968	744	579
600	30140423	2	1	968	744	579
601	30140424	2	1	968	744	579
602	30140425	2	1	968	744	579
603	30140426	2	1	968	744	579
604	30140427	2	1	968	744	579
605	30140428	2	1	968	744	579
606	30140429	2	1	968	744	579
607	30140430	2	1	726	744	579
608	30140521	2	1	500	517	377
609	30140522	2	1	500	517	377
610	30140524	2	1	500	517	377
611	30140525	2	1	744	517	377
612	30140526	2	1	744	517	377
613	30140101	2	2	555	226	171
614	30140107	2	2	555	226	171
615	30140109	2	2	555	226	171
616	30140110	2	2	555	226	171
617	30140111	2	2	555	226	171
618	30140112	2	2	555	226	171
619	30140201	2	2	890	427	333
620	30140202	2	2	890	427	333
621	30140203	2	2	890	427	333
622	30140204	2	2	890	427	333
623	30140205	2	2	890	427	333
624	30140206	2	2	890	427	333
625	30140207	2	2	890	427	333
626	30140208	2	2	890	427	333
627	30140209	2	2	890	427	333
628	30140210	2	2	890	427	333
629	30140211	2	2	890	427	333
630	30140212	2	2	890	427	333
631	30140301	2	2	651	258	195
632	30140307	2	2	651	258	195
633	30140309	2	2	651	258	195
634	30140310	2	2	651	258	195
635	30140311	2	2	651	258	195
636	30140312	2	2	651	258	195
637	30140401	2	2	979	471	366
638	30140402	2	2	979	471	366
639	30140403	2	2	979	471	366
640	30140404	2	2	979	471	366
641	30140405	2	2	979	471	366
642	30140406	2	2	979	471	366
643	30140407	2	2	979	471	366
644	30140408	2	2	979	471	366
645	30140409	2	2	979	471	366
646	30140410	2	2	979	471	366
647	30140411	2	2	979	471	366
648	30140412	2	2	979	471	366
649	30140501	2	2	756	292	219
650	30140507	2	2	756	292	219
651	30140509	2	2	756	292	219
652	30140510	2	2	756	292	219
653	30140511	2	2	756	292	219
654	30140512	2	2	756	292	219
655	30140113	2	2	569	231	175
656	30140117	2	2	569	231	175
657	30140120	2	2	569	231	175
658	30140213	2	2	905	435	339
659	30140214	2	2	905	435	339
660	30140215	2	2	905	435	339
661	30140216	2	2	905	435	339
662	30140217	2	2	905	435	339
663	30140218	2	2	905	435	339
664	30140219	2	2	905	435	339
665	30140220	2	2	905	435	339
666	30140313	2	2	666	263	198
667	30140317	2	2	666	263	198
668	30140320	2	2	666	263	198
669	30140413	2	2	993	477	372
670	30140414	2	2	993	477	372
671	30140415	2	2	993	477	372
672	30140416	2	2	993	477	372
673	30140417	2	2	993	477	372
674	30140418	2	2	993	477	372
675	30140419	2	2	993	477	372
676	30140420	2	2	993	477	372
677	30140513	2	2	771	296	221
678	30140517	2	2	771	296	221
679	30140520	2	2	771	296	221
680	30140121	2	2	389	400	296
681	30140122	2	2	389	400	296
682	30140124	2	2	389	400	296
683	30140125	2	2	564	400	296
684	30140126	2	2	564	400	296
685	30140221	2	2	899	690	539
686	30140222	2	2	899	690	539
687	30140223	2	2	899	690	539
688	30140224	2	2	899	690	539
689	30140225	2	2	899	690	539
690	30140226	2	2	899	690	539
691	30140227	2	2	899	690	539
692	30140228	2	2	899	690	539
693	30140229	2	2	899	690	539
694	30140230	2	2	674	690	539
695	30140321	2	2	449	463	339
696	30140322	2	2	449	463	339
697	30140324	2	2	449	463	339
698	30140325	2	2	659	463	339
699	30140326	2	2	659	463	339
700	30140421	2	2	987	758	592
701	30140422	2	2	987	758	592
702	30140423	2	2	987	758	592
703	30140424	2	2	987	758	592
704	30140425	2	2	987	758	592
705	30140426	2	2	987	758	592
706	30140427	2	2	987	758	592
707	30140428	2	2	987	758	592
708	30140429	2	2	987	758	592
709	30140430	2	2	740	758	592
710	30140521	2	2	512	529	384
711	30140522	2	2	512	529	384
712	30140524	2	2	512	529	384
713	30140525	2	2	765	529	384
714	30140526	2	2	765	529	384
715	30140101	2	3	577	233	177
716	30140107	2	3	577	233	177
717	30140109	2	3	577	233	177
718	30140110	2	3	577	233	177
719	30140111	2	3	577	233	177
720	30140112	2	3	577	233	177
721	30140201	2	3	916	440	343
722	30140202	2	3	916	440	343
723	30140203	2	3	916	440	343
724	30140204	2	3	916	440	343
725	30140205	2	3	916	440	343
726	30140206	2	3	916	440	343
727	30140207	2	3	916	440	343
728	30140208	2	3	916	440	343
729	30140209	2	3	916	440	343
730	30140210	2	3	916	440	343
731	30140211	2	3	916	440	343
732	30140212	2	3	916	440	343
733	30140301	2	3	680	267	200
734	30140307	2	3	680	267	200
735	30140309	2	3	680	267	200
736	30140310	2	3	680	267	200
737	30140311	2	3	680	267	200
738	30140312	2	3	680	267	200
739	30140401	2	3	1010	485	377
740	30140402	2	3	1010	485	377
741	30140403	2	3	1010	485	377
742	30140404	2	3	1010	485	377
743	30140405	2	3	1010	485	377
744	30140406	2	3	1010	485	377
745	30140407	2	3	1010	485	377
746	30140408	2	3	1010	485	377
747	30140409	2	3	1010	485	377
748	30140410	2	3	1010	485	377
749	30140411	2	3	1010	485	377
750	30140412	2	3	1010	485	377
751	30140501	2	3	788	301	225
752	30140507	2	3	788	301	225
753	30140509	2	3	788	301	225
754	30140510	2	3	788	301	225
755	30140511	2	3	788	301	225
756	30140512	2	3	788	301	225
757	30140113	2	3	593	238	180
758	30140117	2	3	593	238	180
759	30140120	2	3	593	238	180
760	30140213	2	3	932	448	349
761	30140214	2	3	932	448	349
762	30140215	2	3	932	448	349
763	30140216	2	3	932	448	349
764	30140217	2	3	932	448	349
765	30140218	2	3	932	448	349
766	30140219	2	3	932	448	349
767	30140220	2	3	932	448	349
768	30140313	2	3	694	272	204
769	30140317	2	3	694	272	204
770	30140320	2	3	694	272	204
771	30140413	2	3	1023	492	383
772	30140414	2	3	1023	492	383
773	30140415	2	3	1023	492	383
774	30140416	2	3	1023	492	383
775	30140417	2	3	1023	492	383
776	30140418	2	3	1023	492	383
777	30140419	2	3	1023	492	383
778	30140420	2	3	1023	492	383
779	30140513	2	3	803	306	229
780	30140517	2	3	803	306	229
781	30140520	2	3	803	306	229
782	30140121	2	3	402	414	306
783	30140122	2	3	402	414	306
784	30140124	2	3	402	414	306
785	30140125	2	3	585	414	306
786	30140126	2	3	585	414	306
787	30140221	2	3	924	710	555
788	30140222	2	3	924	710	555
789	30140223	2	3	924	710	555
790	30140224	2	3	924	710	555
791	30140225	2	3	924	710	555
792	30140226	2	3	924	710	555
793	30140227	2	3	924	710	555
794	30140228	2	3	924	710	555
795	30140229	2	3	924	710	555
796	30140230	2	3	693	710	555
797	30140321	2	3	465	480	351
798	30140322	2	3	465	480	351
799	30140324	2	3	465	480	351
800	30140325	2	3	687	480	351
801	30140326	2	3	687	480	351
802	30140421	2	3	1018	781	610
803	30140422	2	3	1018	781	610
804	30140423	2	3	1018	781	610
805	30140424	2	3	1018	781	610
806	30140425	2	3	1018	781	610
807	30140426	2	3	1018	781	610
808	30140427	2	3	1018	781	610
809	30140428	2	3	1018	781	610
810	30140429	2	3	1018	781	610
811	30140430	2	3	764	781	610
812	30140521	2	3	532	548	398
813	30140522	2	3	532	548	398
814	30140524	2	3	532	548	398
815	30140525	2	3	797	548	398
816	30140526	2	3	797	548	398
817	30140101	2	4	604	242	183
818	30140107	2	4	604	242	183
819	30140109	2	4	604	242	183
820	30140110	2	4	604	242	183
821	30140111	2	4	604	242	183
822	30140112	2	4	604	242	183
823	30140201	2	4	944	453	353
824	30140202	2	4	944	453	353
825	30140203	2	4	944	453	353
826	30140204	2	4	944	453	353
827	30140205	2	4	944	453	353
828	30140206	2	4	944	453	353
829	30140207	2	4	944	453	353
830	30140208	2	4	944	453	353
831	30140209	2	4	944	453	353
832	30140210	2	4	944	453	353
833	30140211	2	4	944	453	353
834	30140212	2	4	944	453	353
835	30140301	2	4	706	276	207
836	30140307	2	4	706	276	207
837	30140309	2	4	706	276	207
838	30140310	2	4	706	276	207
839	30140311	2	4	706	276	207
840	30140312	2	4	706	276	207
841	30140401	2	4	1035	497	387
842	30140402	2	4	1035	497	387
843	30140403	2	4	1035	497	387
844	30140404	2	4	1035	497	387
845	30140405	2	4	1035	497	387
846	30140406	2	4	1035	497	387
847	30140407	2	4	1035	497	387
848	30140408	2	4	1035	497	387
849	30140409	2	4	1035	497	387
850	30140410	2	4	1035	497	387
851	30140411	2	4	1035	497	387
852	30140412	2	4	1035	497	387
853	30140501	2	4	815	310	231
854	30140507	2	4	815	310	231
855	30140509	2	4	815	310	231
856	30140510	2	4	815	310	231
857	30140511	2	4	815	310	231
858	30140512	2	4	815	310	231
859	30140113	2	4	619	248	186
860	30140117	2	4	619	248	186
861	30140120	2	4	619	248	186
862	30140213	2	4	959	461	359
863	30140214	2	4	959	461	359
864	30140215	2	4	959	461	359
865	30140216	2	4	959	461	359
866	30140217	2	4	959	461	359
867	30140218	2	4	959	461	359
868	30140219	2	4	959	461	359
869	30140220	2	4	959	461	359
870	30140313	2	4	723	282	211
871	30140317	2	4	723	282	211
872	30140320	2	4	723	282	211
873	30140413	2	4	1048	504	393
874	30140414	2	4	1048	504	393
875	30140415	2	4	1048	504	393
876	30140416	2	4	1048	504	393
877	30140417	2	4	1048	504	393
878	30140418	2	4	1048	504	393
879	30140419	2	4	1048	504	393
880	30140420	2	4	1048	504	393
881	30140513	2	4	829	314	234
882	30140517	2	4	829	314	234
883	30140520	2	4	829	314	234
884	30140121	2	4	420	433	318
885	30140122	2	4	420	433	318
886	30140124	2	4	420	433	318
887	30140125	2	4	613	433	318
888	30140126	2	4	613	433	318
889	30140221	2	4	953	733	570
890	30140222	2	4	953	733	570
891	30140223	2	4	953	733	570
892	30140224	2	4	953	733	570
893	30140225	2	4	953	733	570
894	30140226	2	4	953	733	570
895	30140227	2	4	953	733	570
896	30140228	2	4	953	733	570
897	30140229	2	4	953	733	570
898	30140230	2	4	715	733	570
899	30140321	2	4	483	498	363
900	30140322	2	4	483	498	363
901	30140324	2	4	483	498	363
902	30140325	2	4	716	498	363
903	30140326	2	4	716	498	363
904	30140421	2	4	1043	802	626
905	30140422	2	4	1043	802	626
906	30140423	2	4	1043	802	626
907	30140424	2	4	1043	802	626
908	30140425	2	4	1043	802	626
909	30140426	2	4	1043	802	626
910	30140427	2	4	1043	802	626
911	30140428	2	4	1043	802	626
912	30140429	2	4	1043	802	626
913	30140430	2	4	782	802	626
914	30140521	2	4	547	567	409
915	30140522	2	4	547	567	409
916	30140524	2	4	547	567	409
917	30140525	2	4	823	567	409
918	30140526	2	4	823	567	409
919	30140101	2	5	627	250	189
920	30140107	2	5	627	250	189
921	30140109	2	5	627	250	189
922	30140110	2	5	627	250	189
923	30140111	2	5	627	250	189
924	30140112	2	5	627	250	189
925	30140201	2	5	968	464	362
926	30140202	2	5	968	464	362
927	30140203	2	5	968	464	362
928	30140204	2	5	968	464	362
929	30140205	2	5	968	464	362
930	30140206	2	5	968	464	362
931	30140207	2	5	968	464	362
932	30140208	2	5	968	464	362
933	30140209	2	5	968	464	362
934	30140210	2	5	968	464	362
935	30140211	2	5	968	464	362
936	30140212	2	5	968	464	362
937	30140301	2	5	730	284	212
938	30140307	2	5	730	284	212
939	30140309	2	5	730	284	212
940	30140310	2	5	730	284	212
941	30140311	2	5	730	284	212
942	30140312	2	5	730	284	212
943	30140401	2	5	1057	507	395
944	30140402	2	5	1057	507	395
945	30140403	2	5	1057	507	395
946	30140404	2	5	1057	507	395
947	30140405	2	5	1057	507	395
948	30140406	2	5	1057	507	395
949	30140407	2	5	1057	507	395
950	30140408	2	5	1057	507	395
951	30140409	2	5	1057	507	395
952	30140410	2	5	1057	507	395
953	30140411	2	5	1057	507	395
954	30140412	2	5	1057	507	395
955	30140501	2	5	838	316	236
956	30140507	2	5	838	316	236
957	30140509	2	5	838	316	236
958	30140510	2	5	838	316	236
959	30140511	2	5	838	316	236
960	30140512	2	5	838	316	236
961	30140113	2	5	643	256	192
962	30140117	2	5	643	256	192
963	30140120	2	5	643	256	192
964	30140213	2	5	983	472	367
965	30140214	2	5	983	472	367
966	30140215	2	5	983	472	367
967	30140216	2	5	983	472	367
968	30140217	2	5	983	472	367
969	30140218	2	5	983	472	367
970	30140219	2	5	983	472	367
971	30140220	2	5	983	472	367
972	30140313	2	5	746	288	216
973	30140317	2	5	746	288	216
974	30140320	2	5	746	288	216
975	30140413	2	5	1070	514	400
976	30140414	2	5	1070	514	400
977	30140415	2	5	1070	514	400
978	30140416	2	5	1070	514	400
979	30140417	2	5	1070	514	400
980	30140418	2	5	1070	514	400
981	30140419	2	5	1070	514	400
982	30140420	2	5	1070	514	400
983	30140513	2	5	852	321	239
984	30140517	2	5	852	321	239
985	30140520	2	5	852	321	239
986	30140121	2	5	434	449	329
987	30140122	2	5	434	449	329
988	30140124	2	5	434	449	329
989	30140125	2	5	637	449	329
990	30140126	2	5	637	449	329
991	30140221	2	5	976	750	584
992	30140222	2	5	976	750	584
993	30140223	2	5	976	750	584
994	30140224	2	5	976	750	584
995	30140225	2	5	976	750	584
996	30140226	2	5	976	750	584
997	30140227	2	5	976	750	584
998	30140228	2	5	976	750	584
999	30140229	2	5	976	750	584
1000	30140230	2	5	732	750	584
1001	30140321	2	5	498	514	373
1002	30140322	2	5	498	514	373
1003	30140324	2	5	498	514	373
1004	30140325	2	5	740	514	373
1005	30140326	2	5	740	514	373
1006	30140421	2	5	1064	819	637
1007	30140422	2	5	1064	819	637
1008	30140423	2	5	1064	819	637
1009	30140424	2	5	1064	819	637
1010	30140425	2	5	1064	819	637
1011	30140426	2	5	1064	819	637
1012	30140427	2	5	1064	819	637
1013	30140428	2	5	1064	819	637
1014	30140429	2	5	1064	819	637
1015	30140430	2	5	798	819	637
1016	30140521	2	5	560	579	419
1017	30140522	2	5	560	579	419
1018	30140524	2	5	560	579	419
1019	30140525	2	5	846	579	419
1020	30140526	2	5	846	579	419
1021	30140101	2	6	649	257	193
1022	30140107	2	6	649	257	193
1023	30140109	2	6	649	257	193
1024	30140110	2	6	649	257	193
1025	30140111	2	6	649	257	193
1026	30140112	2	6	649	257	193
1027	30140201	2	6	988	474	370
1028	30140202	2	6	988	474	370
1029	30140203	2	6	988	474	370
1030	30140204	2	6	988	474	370
1031	30140205	2	6	988	474	370
1032	30140206	2	6	988	474	370
1033	30140207	2	6	988	474	370
1034	30140208	2	6	988	474	370
1035	30140209	2	6	988	474	370
1036	30140210	2	6	988	474	370
1037	30140211	2	6	988	474	370
1038	30140212	2	6	988	474	370
1039	30140301	2	6	751	290	218
1040	30140307	2	6	751	290	218
1041	30140309	2	6	751	290	218
1042	30140310	2	6	751	290	218
1043	30140311	2	6	751	290	218
1044	30140312	2	6	751	290	218
1045	30140401	2	6	1074	516	402
1046	30140402	2	6	1074	516	402
1047	30140403	2	6	1074	516	402
1048	30140404	2	6	1074	516	402
1049	30140405	2	6	1074	516	402
1050	30140406	2	6	1074	516	402
1051	30140407	2	6	1074	516	402
1052	30140408	2	6	1074	516	402
1053	30140409	2	6	1074	516	402
1054	30140410	2	6	1074	516	402
1055	30140411	2	6	1074	516	402
1056	30140412	2	6	1074	516	402
1057	30140501	2	6	859	323	240
1058	30140507	2	6	859	323	240
1059	30140509	2	6	859	323	240
1060	30140510	2	6	859	323	240
1061	30140511	2	6	859	323	240
1062	30140512	2	6	859	323	240
1063	30140113	2	6	664	262	197
1064	30140117	2	6	664	262	197
1065	30140120	2	6	664	262	197
1066	30140213	2	6	1003	482	375
1067	30140214	2	6	1003	482	375
1068	30140215	2	6	1003	482	375
1069	30140216	2	6	1003	482	375
1070	30140217	2	6	1003	482	375
1071	30140218	2	6	1003	482	375
1072	30140219	2	6	1003	482	375
1073	30140220	2	6	1003	482	375
1074	30140313	2	6	766	295	221
1075	30140317	2	6	766	295	221
1076	30140320	2	6	766	295	221
1077	30140413	2	6	1087	523	407
1078	30140414	2	6	1087	523	407
1079	30140415	2	6	1087	523	407
1080	30140416	2	6	1087	523	407
1081	30140417	2	6	1087	523	407
1082	30140418	2	6	1087	523	407
1083	30140419	2	6	1087	523	407
1084	30140420	2	6	1087	523	407
1085	30140513	2	6	873	326	243
1086	30140517	2	6	873	326	243
1087	30140520	2	6	873	326	243
1088	30140121	2	6	447	462	338
1089	30140122	2	6	447	462	338
1090	30140124	2	6	447	462	338
1091	30140125	2	6	657	462	338
1092	30140126	2	6	657	462	338
1093	30140221	2	6	997	766	597
1094	30140222	2	6	997	766	597
1095	30140223	2	6	997	766	597
1096	30140224	2	6	997	766	597
1097	30140225	2	6	997	766	597
1098	30140226	2	6	997	766	597
1099	30140227	2	6	997	766	597
1100	30140228	2	6	997	766	597
1101	30140229	2	6	997	766	597
1102	30140230	2	6	748	766	597
1103	30140321	2	6	510	526	383
1104	30140322	2	6	510	526	383
1105	30140324	2	6	510	526	383
1106	30140325	2	6	761	526	383
1107	30140326	2	6	761	526	383
1108	30140421	2	6	1081	830	648
1109	30140422	2	6	1081	830	648
1110	30140423	2	6	1081	830	648
1111	30140424	2	6	1081	830	648
1112	30140425	2	6	1081	830	648
1113	30140426	2	6	1081	830	648
1114	30140427	2	6	1081	830	648
1115	30140428	2	6	1081	830	648
1116	30140429	2	6	1081	830	648
1117	30140430	2	6	811	830	648
1118	30140521	2	6	572	592	425
1119	30140522	2	6	572	592	425
1120	30140524	2	6	572	592	425
1121	30140525	2	6	866	592	425
1122	30140526	2	6	866	592	
1123	30140050	1	1	437	210	164
1124	30140051	1	1	437	210	164
1125	30140052	1	1	437	210	164
1126	30140053	1	1	437	210	164
1127	30140054	1	1	437	210	164
1128	30140055	1	1	437	210	164
1129	30140060	1	1	296	210	164
1130	30140061	1	1	296	210	164
1131	30140062	1	1	437	210	164
1132	30140050	1	2	527	253	197
1133	30140051	1	2	527	253	197
1134	30140052	1	2	527	253	197
1135	30140053	1	2	527	253	197
1136	30140054	1	2	527	253	197
1137	30140055	1	2	527	253	197
1138	30140060	1	2	347	253	197
1139	30140061	1	2	347	253	197
1140	30140062	1	2	527	253	197
1141	30140050	1	3	625	300	234
1142	30140051	1	3	625	300	234
1143	30140052	1	3	625	300	234
1144	30140053	1	3	625	300	234
1145	30140054	1	3	625	300	234
1146	30140055	1	3	625	300	234
1147	30140060	1	3	413	300	234
1148	30140061	1	3	413	300	234
1149	30140062	1	3	625	300	234
1150	30140050	1	4	734	352	275
1151	30140051	1	4	734	352	275
1152	30140052	1	4	734	352	275
1153	30140053	1	4	734	352	275
1154	30140054	1	4	734	352	275
1155	30140055	1	4	734	352	275
1156	30140060	1	4	482	352	275
1157	30140061	1	4	482	352	275
1158	30140062	1	4	734	352	275
1159	30140050	1	5	888	427	332
1160	30140051	1	5	888	427	332
1161	30140052	1	5	888	427	332
1162	30140053	1	5	888	427	332
1163	30140054	1	5	888	427	332
1164	30140055	1	5	888	427	332
1165	30140060	1	5	544	427	332
1166	30140061	1	5	544	427	332
1167	30140062	1	5	888	427	332
1168	30140050	2	1	894	430	334
1169	30140051	2	1	894	430	334
1170	30140052	2	1	894	430	334
1171	30140053	2	1	894	430	334
1172	30140054	2	1	894	430	334
1173	30140055	2	1	894	430	334
1174	30140060	2	1	617	430	334
1175	30140061	2	1	617	430	334
1176	30140062	2	1	894	430	334
1177	30140050	2	2	924	443	345
1178	30140051	2	2	924	443	345
1179	30140052	2	2	924	443	345
1180	30140053	2	2	924	443	345
1181	30140054	2	2	924	443	345
1182	30140055	2	2	924	443	345
1183	30140060	2	2	630	443	345
1184	30140061	2	2	630	443	345
1185	30140062	2	2	924	443	345
1186	30140050	2	3	952	457	356
1187	30140051	2	3	952	457	356
1188	30140052	2	3	952	457	356
1189	30140053	2	3	952	457	356
1190	30140054	2	3	952	457	356
1191	30140055	2	3	952	457	356
1192	30140060	2	3	649	457	356
1193	30140061	2	3	649	457	356
1194	30140062	2	3	952	457	356
1195	30140050	2	4	986	473	369
1196	30140051	2	4	986	473	369
1197	30140052	2	4	986	473	369
1198	30140053	2	4	986	473	369
1199	30140054	2	4	986	473	369
1200	30140055	2	4	986	473	369
1201	30140060	2	4	670	473	369
1202	30140061	2	4	670	473	369
1203	30140062	2	4	986	473	369
1204	30140050	2	5	1013	486	380
1205	30140051	2	5	1013	486	380
1206	30140052	2	5	1013	486	380
1207	30140053	2	5	1013	486	380
1208	30140054	2	5	1013	486	380
1209	30140055	2	5	1013	486	380
1210	30140060	2	5	688	486	380
1211	30140061	2	5	688	486	380
1212	30140062	2	5	1013	486	380
1213	30140050	2	6	1033	496	386
1214	30140051	2	6	1033	496	386
1215	30140052	2	6	1033	496	386
1216	30140053	2	6	1033	496	386
1217	30140054	2	6	1033	496	386
1218	30140055	2	6	1033	496	386
1219	30140060	2	6	704	496	386
1220	30140061	2	6	704	496	386
1221	30140062	2	6	1033	496	386
